address,pickupDay,trashCollection,paymentStatus
1175 Burbank Trail,Monday,No,No
1176 Burbank Trail,Monday,No,No
1179 Burbank Trail,Monday,No,No
1180 Burbank Trail,Monday,No,No
1184 Burbank Trail,Monday,No,No
1188 Burbank Trail,Monday,No,No
1191 Burbank Trail,Monday,No,No
1195 Burbank Trail,Monday,No,No
1195 Burbank Trail,Monday,No,No
1199 Burbank Trail,Monday,No,No
1203 Burbank Trail,Monday,No,No
1204 Burbank Trail,Monday,No,No
1208 Burbank Trail,Monday,No,No
1216 Burbank Trail,Monday,No,No
1230 Burbank Trail,Monday,No,No
1231 Burbank Trail,Monday,No,No
1240 Burbank Trail,Monday,No,No
1243 Burbank Trail,Monday,No,No
1248 Burbank Trail,Monday,No,No
1251 Burbank Trail,Monday,No,No
1259 Burbank Trail,Monday,No,No
1268 Burbank Trail,Monday,No,No
1271 Burbank Trail,Monday,No,No
1278 Burbank Trail,Monday,No,No
1288 Burbank Trail,Monday,No,No
1298 Burbank Trail,Monday,No,No
1303 Burbank Trail,Monday,No,No
1306 Burbank Trail,Monday,No,No
1316 Burbank Trail,Monday,No,No
1324 Burbank Trail,Monday,No,No
1331 Burbank Trail,Monday,No,No
1343 Burbank Trail,Monday,No,No
1346 Burbank Trail,Monday,No,No
5898 Elaine Drive,Monday,No,No
5899 Elaine Drive,Monday,No,No
5909 Elaine Drive,Monday,No,No
5919 Elaine Drive,Monday,No,No
5949 Foxcroft Court,Monday,No,No
5950 Foxcroft Court,Monday,No,No
5953 Foxcroft Court,Monday,No,No
5964 Foxcroft Court,Monday,No,No
5970 Foxcroft Court,Monday,No,No
5976 Foxcroft Court,Monday,No,No
5977 Foxcroft Court,Monday,No,No
5982 Foxcroft Court,Monday,No,No
5983 Foxcroft Court,Monday,No,No
5988 Foxcroft Court,Monday,No,No
5991 Foxcroft Court,Monday,No,No
5994 Foxcroft Court,Monday,No,No
6000 Foxcroft Court,Monday,No,No
6003 Foxcroft Court,Monday,No,No
6006 Foxcroft Court,Monday,No,No
6009 Foxcroft Court,Monday,No,No
6012 Foxcroft Court,Monday,No,No
6015 Foxcroft Court,Monday,No,No
6018 Foxcroft Court,Monday,No,No
6021 Foxcroft Court,Monday,No,No
6024 Foxcroft Court,Monday,No,No
6041 Foxcroft Court,Monday,No,No
6042 Foxcroft Court,Monday,No,No
6046 Foxcroft Court,Monday,No,No
6052 Foxcroft Court,Monday,No,No
6058 Foxcroft Court,Monday,No,No
6059 Foxcroft Court,Monday,No,No
6067 Foxcroft Court,Monday,No,No
6070 Foxcroft Court,Monday,No,No
6076 Foxcroft Court,Monday,No,No
6079 Foxcroft Court,Monday,No,No
6082 Foxcroft Court,Monday,No,No
6086 Foxcroft Court,Monday,No,No
6090 Foxcroft Court,Monday,No,No
6096 Foxcroft Court,Monday,No,No
6099 Foxcroft Court,Monday,No,No
6108 Foxcroft Court,Monday,No,No
6113 Foxcroft Court,Monday,No,No
6114 Foxcroft Court,Monday,No,No
6119 Foxcroft Court,Monday,No,No
6120 Foxcroft Court,Monday,No,No
6125 Foxcroft Court,Monday,No,No
6128 Foxcroft Court,Monday,No,No
6133 Foxcroft Court,Monday,No,No
6134 Foxcroft Court,Monday,No,No
6140 Foxcroft Court,Monday,No,No
6146 Foxcroft Court,Monday,No,No
6047 Foxcroft Court,Monday,No,No
6148 Foxcroft Court,Monday,No,No
6153 Foxcroft Court,Monday,No,No
6156 Foxcroft Court,Monday,No,No
6159 Foxcroft Court,Monday,No,No
6163 Foxcroft Court,Monday,No,No
6164 Foxcroft Court,Monday,No,No
6167 Foxcroft Court,Monday,No,No
6168 Foxcroft Court,Monday,No,No
6171 Foxcroft Court,Monday,No,No
1134 Foxcroft Drive,Monday,No,No
1140 Foxcroft Drive,Monday,No,No
1146 Foxcroft Drive,Monday,No,No
1154 Foxcroft Drive,Monday,No,No
1162 Foxcroft Drive,Monday,No,No
1163 Foxcroft Drive,Monday,No,No
1168 Foxcroft Drive,Monday,No,No
1171 Foxcroft Drive,Monday,No,No
1174 Foxcroft Drive,Monday,No,No
1177 Foxcroft Drive,Monday,No,No
1180 Foxcroft Drive,Monday,No,No
1183 Foxcroft Drive,Monday,No,No
1189 Foxcroft Drive,Monday,No,No
1195 Foxcroft Drive,Monday,No,No
1201 Foxcroft Drive,Monday,No,No
5917 Jonesboro Rd,Monday,No,No
5895 Jonesboro Rd,Monday,No,No
1253 Malibu Court,Monday,No,No
1255 Malibu Court,Monday,No,No
1256 Malibu Court,Monday,No,No
5918 Malibu Drive,Monday,No,No
5929 Malibu Drive,Monday,No,No
5936 Malibu Drive,Monday,No,No
5936 Malibu Drive,Monday,No,No
5954 Malibu Drive,Monday,No,No
5966 Malibu Drive,Monday,No,No
5967 Malibu Drive,Monday,No,No
5971 Malibu Drive,Monday,No,No
5982 Malibu Drive,Monday,No,No
5983 Malibu Drive,Monday,No,No
5985 Malibu Drive,Monday,No,No
5988 Malibu Drive,Monday,No,No
6000 Malibu Drive,Monday,No,No
6003 Malibu Drive,Monday,No,No
6006 Malibu Drive,Monday,No,No
6009 Malibu Drive,Monday,No,No
6012 Malibu Drive,Monday,No,No
6015 Malibu Drive,Monday,No,No
6016 Malibu Drive,Monday,No,No
1337 Monterey Court,Monday,No,No
1338 Monterey Court,Monday,No,No
1345 Monterey Court,Monday,No,No
1346 Monterey Court,Monday,No,No
1349 Monterey Court,Monday,No,No
1354 Monterey Court,Monday,No,No
1358 Monterey Court,Monday,No,No
5919 Monterey Drive,Monday,No,No
5928 Monterey Drive,Monday,No,No
5935 Monterey Drive,Monday,No,No
5938 Monterey Drive,Monday,No,No
5945 Monterey Drive,Monday,No,No
5952 Monterey Drive,Monday,No,No
5957 Monterey Drive,Monday,No,No
5965 Monterey Drive,Monday,No,No
5975 Monterey Drive,Monday,No,No
5980 Monterey Drive,Monday,No,No
5992 Monterey Drive,Monday,No,No
5993 Monterey Drive,Monday,No,No
6028 Navaho Trail,Monday,No,No
6029 Navaho Trail,Monday,No,No
6033 Navaho Trail,Monday,No,No
6043 Navaho Trail,Monday,No,No
6044 Navaho Trail,Monday,No,No
6053 Navaho Trail,Monday,No,No
6066 Navaho Trail,Monday,No,No
6067 Navaho Trail,Monday,No,No
6078 Navaho Trail,Monday,No,No
6081 Navaho Trail,Monday,No,No
6092 Navaho Trail,Monday,No,No
6095 Navaho Trail,Monday,No,No
6106 Navaho Trail,Monday,No,No
6109 Navaho Trail,Monday,No,No
6119 Navaho Trail,Monday,No,No
6126 Navaho Trail,Monday,No,No
6131 Navaho Trail,Monday,No,No
6138 Navaho Trail,Monday,No,No
6143 Navaho Trail,Monday,No,No
6149 Navaho Trail,Monday,No,No
6155 Navaho Trail,Monday,No,No
5900 N. Cheryl Drive,Monday,No,No
5901 N. Cheryl Drive,Monday,No,No
5909 N. Cheryl Drive,Monday,No,No
5908 N. Cheryl Drive,Monday,No,No
5917 N. Cheryl Drive,Monday,No,No
1463 Patricia Drive,Monday,No,No
1464 Patricia Drive,Monday,No,No
1468 Patricia Drive,Monday,No,No
1471 Patricia Drive,Monday,No,No
1472 Patricia Drive,Monday,No,No
1476 Patricia Drive,Monday,No,No
1477 Patricia Drive,Monday,No,No
1480 Patricia Drive,Monday,No,No
1487 Patricia Drive,Monday,No,No
1488 Patricia Drive,Monday,No,No
1496 Patricia Drive,Monday,No,No
1505 Patricia Drive,Monday,No,No
1514 Patricia Drive,Monday,No,No
1515 Patricia Drive,Monday,No,No
1527 Patricia Drive,Monday,No,No
1532 Patricia Drive,Monday,No,No
1546 Patricia Drive,Monday,No,No
1556 Patricia Drive,Monday,No,No
1567 Patricia Drive,Monday,No,No
1574 Patricia Drive,Monday,No,No
1577 Patricia Drive,Monday,No,No
1587 Patricia Drive,Monday,No,No
1597 Patricia Drive,Monday,No,No
1609 Patricia Drive,Monday,No,No
1610 Patricia Drive,Monday,No,No
1618 Patricia Drive,Monday,No,No
5872 Phillips Drive,Monday,No,No
5882 Phillips Drive,Monday,No,No
5892 Phillips Drive,Monday,No,No
5912 Phillips Drive,Monday,No,No
5924 Phillips Drive,Monday,No,No
5936 Phillips Drive,Monday,No,No
5946 Phillips Drive,Monday,No,No
5980 Phillips Drive,Monday,No,No
5990 Phillips Drive,Monday,No,No
5992 Phillips Drive,Monday,No,No
6020 Phillips Drive,Monday,No,No
6034 Phillips Drive,Monday,No,No
6044 Phillips Drive,Monday,No,No
6054 Phillips Drive,Monday,No,No
6062 Phillips Drive,Monday,No,No
6076 Phillips Drive,Monday,No,No
6085 Phillips Drive,Monday,No,No
6086 Phillips Drive,Monday,No,No
6097 Phillips Drive,Monday,No,No
6098 Phillips Drive,Monday,No,No
6110 Phillips Drive,Monday,No,No
6115 Phillips Drive,Monday,No,No
6120 Phillips Drive,Monday,No,No
6125 Phillips Drive,Monday,No,No
6137 Phillips Drive,Monday,No,No
6140 Phillips Drive,Monday,No,No
6150 Phillips Drive,Monday,No,No
5907 Reynolds Road,Monday,No,No
5970 Reynolds Road,Monday,No,No
5986 Reynolds Road,Monday,No,No
5994 Reynolds Road,Monday,No,No
5947 S. Cheryl Drive,Monday,No,No
5955 S. Cheryl Drive,Monday,No,No
5965 S. Cheryl Drive,Monday,No,No
5966 S. Cheryl Drive,Monday,No,No
5976 S. Cheryl Drive,Monday,No,No
5986 S. Cheryl Drive,Monday,No,No
1485 Sunset Way,Monday,No,No
1489 Sunset Way,Monday,No,No
1494 Sunset Way,Monday,No,No
1495 Sunset Way,Monday,No,No
1504 Sunset Way,Monday,No,No
1505 Sunset Way,Monday,No,No
1514 Sunset Way,Monday,No,No
1524 Sunset Way,Monday,No,No
1525 Sunset Way,Monday,No,No
1536 Sunset Way,Monday,No,No
1506 Westwood Way,Monday,No,No
1516 Westwood Way,Monday,No,No
1543 Westwood Way,Monday,No,No
1544 Westwood Way,Monday,No,No
1554 Westwood Way,Monday,No,No
1564 Westwood Way,Monday,No,No
1593 Westwood Way,Monday,No,No
1215 Brookview Court,Tuesday,No,No
1221 Brookview Court,Tuesday,No,No
1222 Brookview Court,Tuesday,No,No
1227 Brookview Court,Tuesday,No,No
1230 Brookview Court,Tuesday,No,No
1235 Brookview Court,Tuesday,No,No
1238 Brookview Court,Tuesday,No,No
1241 Brookview Court,Tuesday,No,No
1244 Brookview Court,Tuesday,No,No
1252 Brookview Court,Tuesday,No,No
1255 Brookview Court,Tuesday,No,No
1260 Brookview Court,Tuesday,No,No
1268 Brookview Court,Tuesday,No,No
1269 Brookview Court,Tuesday,No,No
1280 Brookview Court,Tuesday,No,No
1281 Brookview Court,Tuesday,No,No
6314 Clearbrook Drive,Tuesday,No,No
6320 Clearbrook Drive,Tuesday,No,No
6339 Clearbrook Drive,Tuesday,No,No
6345 Clearbrook Drive,Tuesday,No,No
6354 Clearbrook Drive,Tuesday,No,No
6357 Clearbrook Drive,Tuesday,No,No
6360 Clearbrook Drive,Tuesday,No,No
6361 Clearbrook Drive,Tuesday,No,No
6366 Clearbrook Drive,Tuesday,No,No
6367 Clearbrook Drive,Tuesday,No,No
6372 Clearbrook Drive,Tuesday,No,No
6373 Clearbrook Drive,Tuesday,No,No
6376 Clearbrook Drive,Tuesday,No,No
6152 Continental Circle,Tuesday,No,No
6153 Continental Circle,Tuesday,No,No
6156 Continental Circle,Tuesday,No,No
6160 Continental Circle,Tuesday,No,No
6164 Continental Circle,Tuesday,No,No
6168 Continental Circle,Tuesday,No,No
6172 Continental Circle,Tuesday,No,No
6175 Continental Circle,Tuesday,No,No
6176 Continental Circle,Tuesday,No,No
6180 Continental Circle,Tuesday,No,No
6184 Continental Circle,Tuesday,No,No
6188 Continental Circle,Tuesday,No,No
6191 Continental Circle,Tuesday,No,No
6192 Continental Circle,Tuesday,No,No
6195 Continental Circle,Tuesday,No,No
6196 Continental Circle,Tuesday,No,No
6199 Continental Circle,Tuesday,No,No
6212 Continental Circle,Tuesday,No,No
6216 Continental Circle,Tuesday,No,No
6219 Continental Circle,Tuesday,No,No
6227 Continental Circle,Tuesday,No,No
6228 Continental Circle,Tuesday,No,No
6234 Continental Circle,Tuesday,No,No
6237 Continental Circle,Tuesday,No,No
6240 Continental Circle,Tuesday,No,No
6248 Continental Circle,Tuesday,No,No
6253 Continental Circle,Tuesday,No,No
6254 Continental Circle,Tuesday,No,No
6260 Continental Circle,Tuesday,No,No
6267 Continental Circle,Tuesday,No,No
1216 Dove Court,Tuesday,No,No
1223 Dove Court,Tuesday,No,No
1224 Dove Court,Tuesday,No,No
1227 Dove Court,Tuesday,No,No
1228 Dove Court,Tuesday,No,No
1231 Dove Court,Tuesday,No,No
6220 Flamingo Way,Tuesday,No,No
6221 Flamingo Way,Tuesday,No,No
6228 Flamingo Way,Tuesday,No,No
6231 Flamingo Way,Tuesday,No,No
6234 Flamingo Way,Tuesday,No,No
6237 Flamingo Way,Tuesday,No,No
6242 Flamingo Way,Tuesday,No,No
6243 Flamingo Way,Tuesday,No,No
6248 Flamingo Way,Tuesday,No,No
6249 Flamingo Way,Tuesday,No,No
6255 Flamingo Way,Tuesday,No,No
6263 Flamingo Way,Tuesday,No,No
6269 Flamingo Way,Tuesday,No,No
6276 Flamingo Way,Tuesday,No,No
6279 Flamingo Way,Tuesday,No,No
6282 Flamingo Way,Tuesday,No,No
6290 Flamingo Way,Tuesday,No,No
6296 Flamingo Way,Tuesday,No,No
6297 Flamingo Way,Tuesday,No,No
6079 Graceland Circle,Tuesday,No,No
6085 Graceland Circle,Tuesday,No,No
6086 Graceland Circle,Tuesday,No,No
6090 Graceland Circle,Tuesday,No,No
6094 Graceland Circle,Tuesday,No,No
6098 Graceland Circle,Tuesday,No,No
6102 Graceland Circle,Tuesday,No,No
6106 Graceland Circle,Tuesday,No,No
6110 Graceland Circle,Tuesday,No,No
6114 Graceland Circle,Tuesday,No,No
6117 Graceland Circle,Tuesday,No,No
6118 Graceland Circle,Tuesday,No,No
6122 Graceland Circle,Tuesday,No,No
6126 Graceland Circle,Tuesday,No,No
6130 Graceland Circle,Tuesday,No,No
6131 Graceland Circle,Tuesday,No,No
6134 Graceland Circle,Tuesday,No,No
6138 Graceland Circle,Tuesday,No,No
6142 Graceland Circle,Tuesday,No,No
6146 Graceland Circle,Tuesday,No,No
6147 Graceland Circle,Tuesday,No,No
6150 Graceland Circle,Tuesday,No,No
6153 Graceland Circle,Tuesday,No,No
6154 Graceland Circle,Tuesday,No,No
6157 Graceland Circle,Tuesday,No,No
6158 Graceland Circle,Tuesday,No,No
6161 Graceland Circle,Tuesday,No,No
6162 Graceland Circle,Tuesday,No,No
6169 Graceland Circle,Tuesday,No,No
6170 Graceland Circle,Tuesday,No,No
6174 Graceland Circle,Tuesday,No,No
6182 Graceland Circle,Tuesday,No,No
6188 Graceland Circle,Tuesday,No,No
6195 Graceland Circle,Tuesday,No,No
6203 Graceland Circle,Tuesday,No,No
6204 Graceland Circle,Tuesday,No,No
6212 Graceland Circle,Tuesday,No,No
6219 Graceland Circle,Tuesday,No,No
6220 Graceland Circle,Tuesday,No,No
6227 Graceland Circle,Tuesday,No,No
6228 Graceland Circle,Tuesday,No,No
6235 Graceland Circle,Tuesday,No,No
6236 Graceland Circle,Tuesday,No,No
6244 Graceland Circle,Tuesday,No,No
6250 Graceland Circle,Tuesday,No,No
6272 Graceland Circle,Tuesday,No,No
6280 Graceland Circle,Tuesday,No,No
6281 Graceland Circle,Tuesday,No,No
6288 Graceland Circle,Tuesday,No,No
1400 Graceland Court,Tuesday,No,No
1403 Graceland Court,Tuesday,No,No
1413 Graceland Court,Tuesday,No,No
1414 Graceland Court,Tuesday,No,No
1419 Graceland Court,Tuesday,No,No
1422 Graceland Court,Tuesday,No,No
1425 Graceland Court,Tuesday,No,No
1428 Graceland Court,Tuesday,No,No
1429 Graceland Court,Tuesday,No,No
1432 Graceland Court,Tuesday,No,No
1433 Graceland Court,Tuesday,No,No
1436 Graceland Court,Tuesday,No,No
1361 Hammack Drive,Tuesday,No,No
1373 Hammack Drive,Tuesday,No,No
1393 Hammack Drive,Tuesday,No,No
1400 Hammack Drive,Tuesday,No,No
1411 Hammack Drive,Tuesday,No,No
1420 Hammack Drive,Tuesday,No,No
1436 Hammack Drive,Tuesday,No,No
1447 Hammack Drive,Tuesday,No,No
1450 Hammack Drive,Tuesday,No,No
1457 Hammack Drive,Tuesday,No,No
1458 Hammack Drive,Tuesday,No,No
1465 Hammack Drive,Tuesday,No,No
1473 Hammack Drive,Tuesday,No,No
1478 Hammack Drive,Tuesday,No,No
1483 Hammack Drive,Tuesday,No,No
1486 Hammack Drive,Tuesday,No,No
1487 Hammack Drive,Tuesday,No,No
1491 Hammack Drive,Tuesday,No,No
1492 Hammack Drive,Tuesday,No,No
1495 Hammack Drive,Tuesday,No,No
1317 John Robert Drive,Tuesday,No,No
1318 John Robert Drive,Tuesday,No,No
1324 John Robert Drive,Tuesday,No,No
1331 John Robert Drive,Tuesday,No,No
1342 John Robert Drive,Tuesday,No,No
1351 John Robert Drive,Tuesday,No,No
1352 John Robert Drive,Tuesday,No,No
1359 John Robert Drive,Tuesday,No,No
1360 John Robert Drive,Tuesday,No,No
1369 John Robert Drive,Tuesday,No,No
1370 John Robert Drive,Tuesday,No,No
1379 John Robert Drive,Tuesday,No,No
1380 John Robert Drive,Tuesday,No,No
1387 John Robert Drive,Tuesday,No,No
1388 John Robert Drive,Tuesday,No,No
1397 John Robert Drive,Tuesday,No,No
1398 John Robert Drive,Tuesday,No,No
1415 John Robert Drive,Tuesday,No,No
1262 Kingston Road,Tuesday,No,No
1267 Kingston Road,Tuesday,No,No
1270 Kingston Road,Tuesday,No,No
1278 Kingston Road,Tuesday,No,No
1281 Kingston Road,Tuesday,No,No
1286 Kingston Road,Tuesday,No,No
1289 Kingston Road,Tuesday,No,No
1294 Kingston Road,Tuesday,No,No
1297 Kingston Road,Tuesday,No,No
1053 Morrow Road,Tuesday,No,No
1254 Morrow Road,Tuesday,No,No
1270 Morrow Road,Tuesday,No,No
1271 Morrow Road,Tuesday,No,No
1277 Morrow Road,Tuesday,No,No
1282 Morrow Road,Tuesday,No,No
1283 Morrow Road,Tuesday,No,No
1295 Morrow Road,Tuesday,No,No
1301 Morrow Road,Tuesday,No,No
1390 Morrow Road,Tuesday,No,No
1401 Morrow Road,Tuesday,No,No
1406 Morrow Road,Tuesday,No,No
1418 Morrow Road,Tuesday,No,No
1421 Morrow Road,Tuesday,No,No
1428 Morrow Road,Tuesday,No,No
1431 Morrow Road,Tuesday,No,No
1438 Morrow Road,Tuesday,No,No
1441 Morrow Road,Tuesday,No,No
1459 Morrow Road,Tuesday,No,No
1469 Morrow Road,Tuesday,No,No
1479 Morrow Road,Tuesday,No,No
6074 Oakridge Drive,Tuesday,No,No
6075 Oakridge Drive,Tuesday,No,No
6094 Oakridge Drive,Tuesday,No,No
6095 Oakridge Drive,Tuesday,No,No
6107 Oakridge Drive,Tuesday,No,No
6108 Oakridge Drive,Tuesday,No,No
6120 Oakridge Drive,Tuesday,No,No
6121 Oakridge Drive,Tuesday,No,No
6136 Oakridge Drive,Tuesday,No,No
6137 Oakridge Drive,Tuesday,No,No
6147 Oakridge Drive,Tuesday,No,No
6155 Oakridge Drive,Tuesday,No,No
6163 Oakridge Drive,Tuesday,No,No
6171 Oakridge Drive,Tuesday,No,No
6179 Oakridge Drive,Tuesday,No,No
1405 Pennel Drive,Tuesday,No,No
1411 Pennel Drive,Tuesday,No,No
1417 Pennel Drive,Tuesday,No,No
1422 Pennel Drive,Tuesday,No,No
1423 Pennel Drive,Tuesday,No,No
1428 Pennel Drive,Tuesday,No,No
1429 Pennel Drive,Tuesday,No,No
1437 Pennel Drive,Tuesday,No,No
1442 Pennel Drive,Tuesday,No,No
1450 Pennel Drive,Tuesday,No,No
1001 Skylark Drive,Tuesday,No,No
1005 Skylark Drive,Tuesday,No,No
1009 Skylark Drive,Tuesday,No,No
1013 Skylark Drive,Tuesday,No,No
1017 Skylark Drive,Tuesday,No,No
1020 Skylark Drive,Tuesday,No,No
1021 Skylark Drive,Tuesday,No,No
1024 Skylark Drive,Tuesday,No,No
1027 Skylark Drive,Tuesday,No,No
1028 Skylark Drive,Tuesday,No,No
1032 Skylark Drive,Tuesday,No,No
1033 Skylark Drive,Tuesday,No,No
1039 Skylark Drive,Tuesday,No,No
1043 Skylark Drive,Tuesday,No,No
1048 Skylark Drive,Tuesday,No,No
1051 Skylark Drive,Tuesday,No,No
1052 Skylark Drive,Tuesday,No,No
1060 Skylark Drive,Tuesday,No,No
1064 Skylark Drive,Tuesday,No,No
1065 Skylark Drive,Tuesday,No,No
1071 Skylark Drive,Tuesday,No,No
1072 Skylark Drive,Tuesday,No,No
1076 Skylark Drive,Tuesday,No,No
1080 Skylark Drive,Tuesday,No,No
1084 Skylark Drive,Tuesday,No,No
1090 Skylark Drive,Tuesday,No,No
1091 Skylark Drive,Tuesday,No,No
1095 Skylark Drive,Tuesday,No,No
1098 Skylark Drive,Tuesday,No,No
1099 Skylark Drive,Tuesday,No,No
1102 Skylark Drive,Tuesday,No,No
1103 Skylark Drive,Tuesday,No,No
1106 Skylark Drive,Tuesday,No,No
1107 Skylark Drive,Tuesday,No,No
1110 Skylark Drive,Tuesday,No,No
1114 Skylark Drive,Tuesday,No,No
1122 Skylark Drive,Tuesday,No,No
1130 Skylark Drive,Tuesday,No,No
1138 Skylark Drive,Tuesday,No,No
1146 Skylark Drive,Tuesday,No,No
1162 Skylark Drive,Tuesday,No,No
1178 Skylark Drive,Tuesday,No,No
1186 Skylark Drive,Tuesday,No,No
1420 Vivian Court,Tuesday,No,No
6228 Wren Way,Tuesday,No,No
6229 Wren Way,Tuesday,No,No
6237 Wren Way,Tuesday,No,No
6245 Wren Way,Tuesday,No,No
6250 Wren Way,Tuesday,No,No
6255 Wren Way,Tuesday,No,No
6258 Wren Way,Tuesday,No,No
6265 Wren Way,Tuesday,No,No
6266 Wren Way,Tuesday,No,No
1682 Argonne Drive,Wednesday,No,No
1692 Argonne Drive,Wednesday,No,No
1693 Argonne Drive,Wednesday,No,No
1704 Argonne Drive,Wednesday,No,No
1714 Argonne Drive,Wednesday,No,No
1743 Argonne Drive,Wednesday,No,No
1753 Argonne Drive,Wednesday,No,No
1754 Argonne Drive,Wednesday,No,No
1764 Argonne Drive,Wednesday,No,No
1772 Argonne Drive,Wednesday,No,No
1782 Argonne Drive,Wednesday,No,No
1792 Argonne Drive,Wednesday,No,No
1795 Argonne Drive,Wednesday,No,No
1837 Argonne Drive,Wednesday,No,No
1845 Argonne Drive,Wednesday,No,No
1846 Argonne Drive,Wednesday,No,No
1858 Argonne Drive,Wednesday,No,No
1874 Argonne Drive,Wednesday,No,No
1878 Argonne Drive,Wednesday,No,No
1881 Argonne Drive,Wednesday,No,No
1885 Argonne Drive,Wednesday,No,No
1886 Argonne Drive,Wednesday,No,No
1889 Argonne Drive,Wednesday,No,No
1890 Argonne Drive,Wednesday,No,No
1894 Argonne Drive,Wednesday,No,No
1898 Argonne Drive,Wednesday,No,No
1902 Argonne Drive,Wednesday,No,No
1910 Argonne Drive,Wednesday,No,No
1677 Carla Drive,Wednesday,No,No
1678 Carla Drive,Wednesday,No,No
1687 Carla Drive,Wednesday,No,No
1688 Carla Drive,Wednesday,No,No
1695 Carla Drive,Wednesday,No,No
1696 Carla Drive,Wednesday,No,No
1703 Carla Drive,Wednesday,No,No
1704 Carla Drive,Wednesday,No,No
1713 Carla Drive,Wednesday,No,No
1714 Carla Drive,Wednesday,No,No
1721 Carla Drive,Wednesday,No,No
1722 Carla Drive,Wednesday,No,No
1737 Carla Drive,Wednesday,No,No
1738 Carla Drive,Wednesday,No,No
1745 Carla Drive,Wednesday,No,No
1746 Carla Drive,Wednesday,No,No
1755 Carla Drive,Wednesday,No,No
1756 Carla Drive,Wednesday,No,No
1766 Carla Drive,Wednesday,No,No
1767 Carla Drive,Wednesday,No,No
1774 Carla Drive,Wednesday,No,No
1784 Carla Drive,Wednesday,No,No
1785 Carla Drive,Wednesday,No,No
1794 Carla Drive,Wednesday,No,No
1795 Carla Drive,Wednesday,No,No
1814 Carla Drive,Wednesday,No,No
1815 Carla Drive,Wednesday,No,No
1824 Carla Drive,Wednesday,No,No
1834 Carla Drive,Wednesday,No,No
1835 Carla Drive,Wednesday,No,No
1845 Carla Drive,Wednesday,No,No
1848 Carla Drive,Wednesday,No,No
1855 Carla Drive,Wednesday,No,No
1860 Carla Drive,Wednesday,No,No
1865 Carla Drive,Wednesday,No,No
1870 Carla Drive,Wednesday,No,No
1880 Carla Drive,Wednesday,No,No
1883 Carla Drive,Wednesday,No,No
1891 Carla Drive,Wednesday,No,No
1900 Carla Drive,Wednesday,No,No
1903 Carla Drive,Wednesday,No,No
1908 Carla Drive,Wednesday,No,No
1912 Carla Drive,Wednesday,No,No
1915 Carla Drive,Wednesday,No,No
1920 Carla Drive,Wednesday,No,No
1924 Carla Drive,Wednesday,No,No
1928 Carla Drive,Wednesday,No,No
1932 Carla Drive,Wednesday,No,No
1658 Duffey Drive,Wednesday,No,No
1672 Duffey Drive,Wednesday,No,No
1684 Duffey Drive,Wednesday,No,No
1696 Duffey Drive,Wednesday,No,No
1708 Duffey Drive,Wednesday,No,No
1722 Duffey Drive,Wednesday,No,No
1735 Duffey Drive,Wednesday,No,No
1754 Duffey Drive,Wednesday,No,No
1762 Duffey Drive,Wednesday,No,No
6144 Huie Drive,Wednesday,No,No
6174 Huie Drive,Wednesday,No,No
6190 Huie Drive,Wednesday,No,No
6220 Huie Drive,Wednesday,No,No
6239 Huie Drive,Wednesday,No,No
6244 Huie Drive,Wednesday,No,No
6257 Huie Drive,Wednesday,No,No
6258 Huie Drive,Wednesday,No,No
6265 Huie Drive,Wednesday,No,No
6276 Huie Drive,Wednesday,No,No
6283 Huie Drive,Wednesday,No,No
6284 Huie Drive,Wednesday,No,No
6285 Huie Drive,Wednesday,No,No
6292 Huie Drive,Wednesday,No,No
6293 Huie Drive,Wednesday,No,No
6302 Huie Drive,Wednesday,No,No
6311 Huie Drive,Wednesday,No,No
6319 Huie Drive,Wednesday,No,No
6327 Huie Drive,Wednesday,No,No
1676 Lake Harbin Road,Wednesday,No,No
1684 Lake Harbin Road,Wednesday,No,No
1692 Lake Harbin Road,Wednesday,No,No
1702 Lake Harbin Road,Wednesday,No,No
1712 Lake Harbin Road,Wednesday,No,No
1722 Lake Harbin Road,Wednesday,No,No
1729 Lake Harbin Road,Wednesday,No,No
1730 Lake Harbin Road,Wednesday,No,No
1739 Lake Harbin Road,Wednesday,No,No
1747 Lake Harbin Road,Wednesday,No,No
1756 Lake Harbin Road,Wednesday,No,No
1757 Lake Harbin Road,Wednesday,No,No
1764 Lake Harbin Road,Wednesday,No,No
1772 Lake Harbin Road,Wednesday,No,No
1773 Lake Harbin Road,Wednesday,No,No
1782 Lake Harbin Road,Wednesday,No,No
1783 Lake Harbin Road,Wednesday,No,No
1799 Lake Harbin Road,Wednesday,No,No
1802 Lake Harbin Road,Wednesday,No,No
1812 Lake Harbin Road,Wednesday,No,No
1813 Lake Harbin Road,Wednesday,No,No
1836 Lake Harbin Road,Wednesday,No,No
1856 Lake Harbin Road,Wednesday,No,No
1861 Lake Harbin Road,Wednesday,No,No
1864 Lake Harbin Road,Wednesday,No,No
1874 Lake Harbin Road,Wednesday,No,No
1875 Lake Harbin Road,Wednesday,No,No
1882 Lake Harbin Road,Wednesday,No,No
1902 Lake Harbin Road,Wednesday,No,No
1915 Lake Harbin Road,Wednesday,No,No
1922 Lake Harbin Road,Wednesday,No,No
1675 Meadow Way,Wednesday,No,No
1681 Meadow Way,Wednesday,No,No
1682 Meadow Way,Wednesday,No,No
1689 Meadow Way,Wednesday,No,No
1690 Meadow Way,Wednesday,No,No
1697 Meadow Way,Wednesday,No,No
1698 Meadow Way,Wednesday,No,No
1703 Meadow Way,Wednesday,No,No
1706 Meadow Way,Wednesday,No,No
1709 Meadow Way,Wednesday,No,No
1715 Meadow Way,Wednesday,No,No
1723 Meadow Way,Wednesday,No,No
1729 Meadow Way,Wednesday,No,No
1735 Meadow Way,Wednesday,No,No
1741 Meadow Way,Wednesday,No,No
6450 Meadowbrook Lane,Wednesday,No,No
6451 Meadowbrook Lane,Wednesday,No,No
6461 Meadowbrook Lane,Wednesday,No,No
6462 Meadowbrook Lane,Wednesday,No,No
6480 Meadowbrook Lane,Wednesday,No,No
6493 Meadowbrook Lane,Wednesday,No,No
6504 Meadowbrook Lane,Wednesday,No,No
6507 Meadowbrook Lane,Wednesday,No,No
6517 Meadowbrook Lane,Wednesday,No,No
6535 Meadowbrook Lane,Wednesday,No,No
6552 Meadowbrook Lane,Wednesday,No,No
6554 Meadowbrook Lane,Wednesday,No,No
6558 Meadowbrook Lane,Wednesday,No,No
6594 Meadowbrook Lane,Wednesday,No,No
1694 Mural Drive,Wednesday,No,No
1695 Mural Drive,Wednesday,No,No
1700 Mural Drive,Wednesday,No,No
1708 Mural Drive,Wednesday,No,No
1709 Mural Drive,Wednesday,No,No
1712 Mural Drive,Wednesday,No,No
1713 Mural Drive,Wednesday,No,No
1725 Mural Drive,Wednesday,No,No
1728 Mural Drive,Wednesday,No,No
1731 Mural Drive,Wednesday,No,No
1736 Mural Drive,Wednesday,No,No
1742 Mural Drive,Wednesday,No,No
1750 Mural Drive,Wednesday,No,No
1757 Mural Drive,Wednesday,No,No
1765 Mural Drive,Wednesday,No,No
1785 Mural Drive,Wednesday,No,No
1786 Mural Drive,Wednesday,No,No
1794 Mural Drive,Wednesday,No,No
1795 Mural Drive,Wednesday,No,No
1804 Mural Drive,Wednesday,No,No
1805 Mural Drive,Wednesday,No,No
1814 Mural Drive,Wednesday,No,No
1821 Mural Drive,Wednesday,No,No
1822 Mural Drive,Wednesday,No,No
1828 Mural Drive,Wednesday,No,No
1833 Mural Drive,Wednesday,No,No
1838 Mural Drive,Wednesday,No,No
1842 Mural Drive,Wednesday,No,No
1835 Pershing Way,Wednesday,No,No
1838 Pershing Way,Wednesday,No,No
1848 Pershing Way,Wednesday,No,No
1860 Pershing Way,Wednesday,No,No
1901 Pershing Way,Wednesday,No,No
6476 Rickenbacker Cir.,Wednesday,No,No
6477 Rickenbacker Cir.,Wednesday,No,No
6507 Rickenbacker Cir.,Wednesday,No,No
6508 Rickenbacker Cir.,Wednesday,No,No
6516 Rickenbacker Cir.,Wednesday,No,No
6520 Rickenbacker Cir.,Wednesday,No,No
6406 S. Lee Street,Wednesday,No,No
6273 Stratford Arms Cir,Wednesday,No,No
6274 Stratford Arms Cir,Wednesday,No,No
6278 Stratford Arms Cir,Wednesday,No,No
6293 Stratford Arms Cir,Wednesday,No,No
1721 Stratford Arms Ct,Wednesday,No,No
1722 Stratford Arms Ct,Wednesday,No,No
1730 Stratford Arms Ct,Wednesday,No,No
1733 Stratford Arms Ct,Wednesday,No,No
1736 Stratford Arms Ct,Wednesday,No,No
1737 Stratford Arms Ct,Wednesday,No,No
1742 Stratford Arms Ct,Wednesday,No,No
1743 Stratford Arms Ct,Wednesday,No,No
1749 Stratford Arms Ct,Wednesday,No,No
1760 Stratford Arms Ct,Wednesday,No,No
1760 Stratford Arms Dr,Wednesday,No,No
1765 Stratford Arms Dr,Wednesday,No,No
1768 Stratford Arms Dr,Wednesday,No,No
1772 Stratford Arms Dr,Wednesday,No,No
1780 Stratford Arms Dr,Wednesday,No,No
1793 Stratford Arms Dr,Wednesday,No,No
1796 Stratford Arms Dr,Wednesday,No,No
1803 Stratford Arms Dr,Wednesday,No,No
1809 Stratford Arms Dr,Wednesday,No,No
1810 Stratford Arms Dr,Wednesday,No,No
1817 Stratford Arms Dr,Wednesday,No,No
1820 Stratford Arms Dr,Wednesday,No,No
1825 Stratford Arms Dr,Wednesday,No,No
1828 Stratford Arms Dr,Wednesday,No,No
1835 Stratford Arms Dr,Wednesday,No,No
1843 Stratford Arms Dr,Wednesday,No,No
1851 Stratford Arms Dr,Wednesday,No,No
1852 Stratford Arms Dr,Wednesday,No,No
1859 Stratford Arms Dr,Wednesday,No,No
1860 Stratford Arms Dr,Wednesday,No,No
1867 Stratford Arms Dr,Wednesday,No,No
1868 Stratford Arms Dr,Wednesday,No,No
1875 Stratford Arms Dr,Wednesday,No,No
1893 Stratford Arms Dr,Wednesday,No,No
1899 Stratford Arms Dr,Wednesday,No,No
1912 Stratford Arms Dr,Wednesday,No,No
1913 Stratford Arms Dr,Wednesday,No,No
1922 Stratford Arms Dr,Wednesday,No,No
1923 Stratford Arms Dr,Wednesday,No,No
1785 Wendell Way,Wednesday,No,No
1795 Wendell Way,Wednesday,No,No
1804 Wendell Way,Wednesday,No,No
1815 Wendell Way,Wednesday,No,No
1816 Wendell Way,Wednesday,No,No
1821 Wendell Way,Wednesday,No,No
6477 York Road,Wednesday,No,No
6478 York Road,Wednesday,No,No
6487 York Road,Wednesday,No,No
6492 York Road,Wednesday,No,No
6503 York Road,Wednesday,No,No
6510 York Road,Wednesday,No,No
6511 York Road,Wednesday,No,No
6519 York Road,Wednesday,No,No
6522 York Road,Wednesday,No,No
1830 Candlelight Court,Thursday,No,No
1832 Candlelight Court,Thursday,No,No
1833 Candlelight Court,Thursday,No,No
1839 Candlelight Court,Thursday,No,No
1830 Candlestick Court,Thursday,No,No
1831 Candlestick Court,Thursday,No,No
1832 Candlestick Court,Thursday,No,No
1837 Candlestick Court,Thursday,No,No
1661 Central Park Loop,Thursday,No,No
1662 Central Park Loop,Thursday,No,No
1665 Central Park Loop,Thursday,No,No
1666 Central Park Loop,Thursday,No,No
1671 Central Park Loop,Thursday,No,No
1672 Central Park Loop,Thursday,No,No
1678 Central Park Loop,Thursday,No,No
1683 Central Park Loop,Thursday,No,No
1689 Central Park Loop,Thursday,No,No
1690 Central Park Loop,Thursday,No,No
1695 Central Park Loop,Thursday,No,No
1696 Central Park Loop,Thursday,No,No
1701 Central Park Loop,Thursday,No,No
1704 Central Park Loop,Thursday,No,No
1708 Central Park Loop,Thursday,No,No
1716 Central Park Loop,Thursday,No,No
1722 Central Park Loop,Thursday,No,No
1726 Central Park Loop,Thursday,No,No
1734 Central Park Loop,Thursday,No,No
1738 Central Park Loop,Thursday,No,No
1744 Central Park Loop,Thursday,No,No
1752 Central Park Loop,Thursday,No,No
1756 Central Park Loop,Thursday,No,No
1762 Central Park Loop,Thursday,No,No
1768 Central Park Loop,Thursday,No,No
1773 Central Park Loop,Thursday,No,No
1774 Central Park Loop,Thursday,No,No
1780 Central Park Loop,Thursday,No,No
1781 Central Park Loop,Thursday,No,No
1786 Central Park Loop,Thursday,No,No
1787 Central Park Loop,Thursday,No,No
1792 Central Park Loop,Thursday,No,No
1797 Central Park Loop,Thursday,No,No
1798 Central Park Loop,Thursday,No,No
1808 Central Park Loop,Thursday,No,No
1809 Central Park Loop,Thursday,No,No
1817 Central Park Loop,Thursday,No,No
1824 Central Park Loop,Thursday,No,No
1828 Central Park Loop,Thursday,No,No
1833 Central Park Loop,Thursday,No,No
1834 Central Park Loop,Thursday,No,No
1839 Central Park Loop,Thursday,No,No
1845 Central Park Loop,Thursday,No,No
1846 Central Park Loop,Thursday,No,No
1851 Central Park Loop,Thursday,No,No
1852 Central Park Loop,Thursday,No,No
1858 Central Park Loop,Thursday,No,No
1864 Central Park Loop,Thursday,No,No
1868 Central Park Loop,Thursday,No,No
1872 Central Park Loop,Thursday,No,No
1882 Central Park Loop,Thursday,No,No
1888 Central Park Loop,Thursday,No,No
1894 Central Park Loop,Thursday,No,No
1902 Central Park Loop,Thursday,No,No
1906 Central Park Loop,Thursday,No,No
1907 Central Park Loop,Thursday,No,No
1913 Central Park Loop,Thursday,No,No
1914 Central Park Loop,Thursday,No,No
1917 Central Park Loop,Thursday,No,No
1918 Central Park Loop,Thursday,No,No
1761 Central Park Way,Thursday,No,No
1769 Central Park Way,Thursday,No,No
6255 Harbin Woods Drive,Thursday,No,No
6260 Harbin Woods Drive,Thursday,No,No
6268 Harbin Woods Drive,Thursday,No,No
6269 Harbin Woods Drive,Thursday,No,No
6276 Harbin Woods Drive,Thursday,No,No
6283 Harbin Woods Drive,Thursday,No,No
6286 Harbin Woods Drive,Thursday,No,No
6295 Harbin Woods Drive,Thursday,No,No
6300 Harbin Woods Drive,Thursday,No,No
6308 Harbin Woods Drive,Thursday,No,No
6314 Harbin Woods Drive,Thursday,No,No
6320 Harbin Woods Drive,Thursday,No,No
6331 Harbin Woods Drive,Thursday,No,No
6338 Harbin Woods Drive,Thursday,No,No
6339 Harbin Woods Drive,Thursday,No,No
6346 Harbin Woods Drive,Thursday,No,No
6347 Harbin Woods Drive,Thursday,No,No
6353 Harbin Woods Drive,Thursday,No,No
6354 Harbin Woods Drive,Thursday,No,No
6360 Harbin Woods Drive,Thursday,No,No
6361 Harbin Woods Drive,Thursday,No,No
6368 Harbin Woods Drive,Thursday,No,No
6369 Harbin Woods Drive,Thursday,No,No
1828 Lamplight Court,Thursday,No,No
1831 Lamplight Court,Thursday,No,No
1834 Lamplight Court,Thursday,No,No
1836 Lamplight Court,Thursday,No,No
1841 Lamplight Court,Thursday,No,No
1765 Mural Circle,Thursday,No,No
1766 Mural Circle,Thursday,No,No
1770 Mural Circle,Thursday,No,No
1800 Mural Circle,Thursday,No,No
1804 Mural Circle,Thursday,No,No
1811 Mural Circle,Thursday,No,No
1812 Mural Circle,Thursday,No,No
1828 Mural Circle,Thursday,No,No
1831 Mural Circle,Thursday,No,No
1839 Mural Circle,Thursday,No,No
1852 Mural Circle,Thursday,No,No
1855 Mural Circle,Thursday,No,No
1860 Mural Circle,Thursday,No,No
1863 Mural Circle,Thursday,No,No
1876 Mural Circle,Thursday,No,No
1887 Mural Circle,Thursday,No,No
1892 Mural Circle,Thursday,No,No
1897 Mural Circle,Thursday,No,No
1902 Mural Circle,Thursday,No,No
1907 Mural Circle,Thursday,No,No
1924 Mural Circle,Thursday,No,No
1925 Mural Circle,Thursday,No,No
1935 Mural Circle,Thursday,No,No
1940 Mural Circle,Thursday,No,No
1943 Mural Circle,Thursday,No,No
1948 Mural Circle,Thursday,No,No
1956 Mural Circle,Thursday,No,No
1964 Mural Circle,Thursday,No,No
1972 Mural Circle,Thursday,No,No
6082 N. Lee Street,Thursday,No,No
6214 N. Lee Street,Thursday,No,No
1625 Old Rex Morrow Rd,Thursday,No,No
1633 Old Rex Morrow Rd,Thursday,No,No
1641 Old Rex Morrow Rd,Thursday,No,No
1650 Old Rex Morrow Rd,Thursday,No,No
1690 Old Rex Morrow Rd,Thursday,No,No
1691 Old Rex Morrow Rd,Thursday,No,No
1700 Old Rex Morrow Rd,Thursday,No,No
1710 Old Rex Morrow Rd,Thursday,No,No
1711 Old Rex Morrow Rd,Thursday,No,No
1718 Old Rex Morrow Rd,Thursday,No,No
1728 Old Rex Morrow Rd,Thursday,No,No
1738 Old Rex Morrow Rd,Thursday,No,No
1741 Old Rex Morrow Rd,Thursday,No,No
1750 Old Rex Morrow Rd,Thursday,No,No
1757 Old Rex Morrow Rd,Thursday,No,No
1760 Old Rex Morrow Rd,Thursday,No,No
1770 Old Rex Morrow Rd,Thursday,No,No
1782 Old Rex Morrow Rd,Thursday,No,No
1792 Old Rex Morrow Rd,Thursday,No,No
1793 Old Rex Morrow Rd,Thursday,No,No
1804 Old Rex Morrow Rd,Thursday,No,No
1816 Old Rex Morrow Rd,Thursday,No,No
1833 Old Rex Morrow Rd,Thursday,No,No
1631 Oxford Drive,Thursday,No,No
1641 Oxford Drive,Thursday,No,No
1649 Oxford Drive,Thursday,No,No
1667 Oxford Drive,Thursday,No,No
1677 Oxford Drive,Thursday,No,No
1689 Oxford Drive,Thursday,No,No
1699 Oxford Drive,Thursday,No,No
1711 Oxford Drive,Thursday,No,No
1721 Oxford Drive,Thursday,No,No
1731 Oxford Drive,Thursday,No,No
1761 Oxford Drive,Thursday,No,No
1771 Oxford Drive,Thursday,No,No
1783 Oxford Drive,Thursday,No,No
1793 Oxford Drive,Thursday,No,No
1801 Oxford Drive,Thursday,No,No
5937 Twilight Trail,Thursday,No,No
5941 Twilight Trail,Thursday,No,No
5942 Twilight Trail,Thursday,No,No
5945 Twilight Trail,Thursday,No,No
5946 Twilight Trail,Thursday,No,No
5949 Twilight Trail,Thursday,No,No
5953 Twilight Trail,Thursday,No,No
5954 Twilight Trail,Thursday,No,No
5957 Twilight Trail,Thursday,No,No
5961 Twilight Trail,Thursday,No,No
5964 Twilight Trail,Thursday,No,No
5968 Twilight Trail,Thursday,No,No
5976 Twilight Trail,Thursday,No,No
5977 Twilight Trail,Thursday,No,No
5980 Twilight Trail,Thursday,No,No
5981 Twilight Trail,Thursday,No,No
5984 Twilight Trail,Thursday,No,No
5985 Twilight Trail,Thursday,No,No
5988 Twilight Trail,Thursday,No,No
5992 Twilight Trail,Thursday,No,No
5993 Twilight Trail,Thursday,No,No
5997 Twilight Trail,Thursday,No,No
6120 Twilight Trail,Thursday,No,No
6129 Twilight Trail,Thursday,No,No
6138 Twilight Trail,Thursday,No,No
6141 Twilight Trail,Thursday,No,No
6144 Twilight Trail,Thursday,No,No
6152 Twilight Trail,Thursday,No,No
6153 Twilight Trail,Thursday,No,No
6160 Twilight Trail,Thursday,No,No
6163 Twilight Trail,Thursday,No,No
6168 Twilight Trail,Thursday,No,No
6175 Twilight Trail,Thursday,No,No
6176 Twilight Trail,Thursday,No,No
6186 Twilight Trail,Thursday,No,No
6199 Twilight Trail,Thursday,No,No
6200 Twilight Trail,Thursday,No,No
6208 Twilight Trail,Thursday,No,No
6213 Twilight Trail,Thursday,No,No
6216 Twilight Trail,Thursday,No,No
6226 Twilight Trail,Thursday,No,No
6236 Twilight Trail,Thursday,No,No
2217 Beechwood Court,Friday,No,No
2224 Beechwood Court,Friday,No,No
2225 Beechwood Court,Friday,No,No
2232 Beechwood Court,Friday,No,No
2233 Beechwood Court,Friday,No,No
2240 Beechwood Court,Friday,No,No
2241 Beechwood Court,Friday,No,No
2248 Beechwood Court,Friday,No,No
2249 Beechwood Court,Friday,No,No
2256 Beechwood Court,Friday,No,No
2264 Beechwood Court,Friday,No,No
2265 Beechwood Court,Friday,No,No
6353 Childers Way,Friday,No,No
6354 Childers Way,Friday,No,No
6359 Childers Way,Friday,No,No
6360 Childers Way,Friday,No,No
6365 Childers Way,Friday,No,No
6366 Childers Way,Friday,No,No
6371 Childers Way,Friday,No,No
6372 Childers Way,Friday,No,No
6377 Childers Way,Friday,No,No
6378 Childers Way,Friday,No,No
6383 Childers Way,Friday,No,No
6482 Debbie Sue Lane,Friday,No,No
6524 Debbie Sue Lane,Friday,No,No
6541 Debbie Sue Lane,Friday,No,No
6551 Debbie Sue Lane,Friday,No,No
6101 Florence Drive,Friday,No,No
6109 Florence Drive,Friday,No,No
6117 Florence Drive,Friday,No,No
6139 Florence Drive,Friday,No,No
6141 Florence Drive,Friday,No,No
6145 Florence Drive,Friday,No,No
6157 Florence Drive,Friday,No,No
6165 Florence Drive,Friday,No,No
6166 Florence Drive,Friday,No,No
6173 Florence Drive,Friday,No,No
6174 Florence Drive,Friday,No,No
6181 Florence Drive,Friday,No,No
6189 Florence Drive,Friday,No,No
6197 Florence Drive,Friday,No,No
6201 Florence Drive,Friday,No,No
6213 Florence Drive,Friday,No,No
6216 Florence Drive,Friday,No,No
6221 Florence Drive,Friday,No,No
6222 Florence Drive,Friday,No,No
2052 Fort Trail,Friday,No,No
2054 Fort Trail,Friday,No,No
2057 Fort Trail,Friday,No,No
2061 Fort Trail,Friday,No,No
2064 Fort Trail,Friday,No,No
2068 Fort Trail,Friday,No,No
2069 Fort Trail,Friday,No,No
2076 Fort Trail,Friday,No,No
2077 Fort Trail,Friday,No,No
2085 Fort Trail,Friday,No,No
2093 Fort Trail,Friday,No,No
2094 Fort Trail,Friday,No,No
2101 Fort Trail,Friday,No,No
2102 Fort Trail,Friday,No,No
2106 Fort Trail,Friday,No,No
2109 Fort Trail,Friday,No,No
2112 Fort Trail,Friday,No,No
2121 Fort Trail,Friday,No,No
2124 Fort Trail,Friday,No,No
2132 Fort Trail,Friday,No,No
2196 Harbin Terrace Drive,Friday,No,No
2203 Harbin Terrace Drive,Friday,No,No
2204 Harbin Terrace Drive,Friday,No,No
2211 Harbin Terrace Drive,Friday,No,No
2212 Harbin Terrace Drive,Friday,No,No
2219 Harbin Terrace Drive,Friday,No,No
2222 Harbin Terrace Drive,Friday,No,No
2227 Harbin Terrace Drive,Friday,No,No
2230 Harbin Terrace Drive,Friday,No,No
2238 Harbin Terrace Drive,Friday,No,No
2246 Harbin Terrace Drive,Friday,No,No
2247 Harbin Terrace Drive,Friday,No,No
2254 Harbin Terrace Drive,Friday,No,No
2255 Harbin Terrace Drive,Friday,No,No
2262 Harbin Terrace Drive,Friday,No,No
2279 Harbin Terrace Drive,Friday,No,No
2286 Harbin Terrace Drive,Friday,No,No
2287 Harbin Terrace Drive,Friday,No,No
2294 Harbin Terrace Drive,Friday,No,No
2295 Harbin Terrace Drive,Friday,No,No
2303 Harbin Terrace Drive,Friday,No,No
2311 Harbin Terrace Drive,Friday,No,No
2318 Harbin Terrace Drive,Friday,No,No
2319 Harbin Terrace Drive,Friday,No,No
2326 Harbin Terrace Drive,Friday,No,No
2327 Harbin Terrace Drive,Friday,No,No
2335 Harbin Terrace Drive,Friday,No,No
2342 Harbin Terrace Drive,Friday,No,No
2350 Harbin Terrace Drive,Friday,No,No
2351 Harbin Terrace Drive,Friday,No,No
6249 Hazelnut Court,Friday,No,No
6250 Hazelnut Court,Friday,No,No
6257 Hazelnut Court,Friday,No,No
6258 Hazelnut Court,Friday,No,No
6265 Hazelnut Court,Friday,No,No
6124 Hillcrest Drive,Friday,No,No
6132 Hillcrest Drive,Friday,No,No
6140 Hillcrest Drive,Friday,No,No
6148 Hillcrest Drive,Friday,No,No
6149 Hillcrest Drive,Friday,No,No
6156 Hillcrest Drive,Friday,No,No
6157 Hillcrest Drive,Friday,No,No
6165 Hillcrest Drive,Friday,No,No
6172 Hillcrest Drive,Friday,No,No
6173 Hillcrest Drive,Friday,No,No
6180 Hillcrest Drive,Friday,No,No
6181 Hillcrest Drive,Friday,No,No
6188 Hillcrest Drive,Friday,No,No
6198 Hillcrest Drive,Friday,No,No
6212 Hillcrest Drive,Friday,No,No
6220 Hillcrest Drive,Friday,No,No
6221 Hillcrest Drive,Friday,No,No
6228 Hillcrest Drive,Friday,No,No
6229 Hillcrest Drive,Friday,No,No
6236 Hillcrest Drive,Friday,No,No
6237 Hillcrest Drive,Friday,No,No
6245 Hillcrest Drive,Friday,No,No
6248 Hillcrest Drive,Friday,No,No
6253 Hillcrest Drive,Friday,No,No
6256 Hillcrest Drive,Friday,No,No
6264 Hillcrest Drive,Friday,No,No
6272 Hillcrest Drive,Friday,No,No
6280 Hillcrest Drive,Friday,No,No
6288 Hillcrest Drive,Friday,No,No
2155 Kingswood Drive,Friday,No,No
2163 Kingswood Drive,Friday,No,No
2171 Kingswood Drive,Friday,No,No
2172 Kingswood Drive,Friday,No,No
2179 Kingswood Drive,Friday,No,No
2180 Kingswood Drive,Friday,No,No
2188 Kingswood Drive,Friday,No,No
2195 Kingswood Drive,Friday,No,No
2196 Kingswood Drive,Friday,No,No
2204 Kingswood Drive,Friday,No,No
2212 Kingswood Drive,Friday,No,No
2220 Kingswood Drive,Friday,No,No
2227 Kingswood Drive,Friday,No,No
2228 Kingswood Drive,Friday,No,No
2236 Kingswood Drive,Friday,No,No
2244 Kingswood Drive,Friday,No,No
2252 Kingswood Drive,Friday,No,No
2260 Kingswood Drive,Friday,No,No
2265 Kingswood Drive,Friday,No,No
6489 Lynn Dale Lane,Friday,No,No
6499 Lynn Dale Lane,Friday,No,No
6504 Lynn Dale Lane,Friday,No,No
6509 Lynn Dale Lane,Friday,No,No
6528 Lynn Dale Lane,Friday,No,No
6171 Meadowwood Drive,Friday,No,No
6177 Meadowwood Drive,Friday,No,No
6183 Meadowwood Drive,Friday,No,No
6560 Meadowwood Drive,Friday,No,No
6652 Meadowwood Drive,Friday,No,No
2067 Murry Trail,Friday,No,No
2068 Murry Trail,Friday,No,No
2072 Murry Trail,Friday,No,No
2073 Murry Trail,Friday,No,No
2078 Murry Trail,Friday,No,No
2079 Murry Trail,Friday,No,No
2082 Murry Trail,Friday,No,No
2085 Murry Trail,Friday,No,No
2091 Murry Trail,Friday,No,No
2094 Murry Trail,Friday,No,No
2098 Murry Trail,Friday,No,No
2104 Murry Trail,Friday,No,No
2108 Murry Trail,Friday,No,No
2117 Murry Trail,Friday,No,No
2118 Murry Trail,Friday,No,No
2126 Murry Trail,Friday,No,No
2132 Murry Trail,Friday,No,No
2135 Murry Trail,Friday,No,No
2136 Murry Trail,Friday,No,No
2157 Murry Trail,Friday,No,No
2158 Murry Trail,Friday,No,No
2162 Murry Trail,Friday,No,No
2165 Murry Trail,Friday,No,No
2176 Murry Trail,Friday,No,No
2177 Murry Trail,Friday,No,No
2184 Murry Trail,Friday,No,No
2192 Murry Trail,Friday,No,No
2193 Murry Trail,Friday,No,No
6390 Peacock Boulevard,Friday,No,No
6391 Peacock Boulevard,Friday,No,No
6398 Peacock Boulevard,Friday,No,No
6401 Peacock Boulevard,Friday,No,No
6408 Peacock Boulevard,Friday,No,No
6409 Peacock Boulevard,Friday,No,No
6418 Peacock Boulevard,Friday,No,No
6419 Peacock Boulevard,Friday,No,No
6426 Peacock Boulevard,Friday,No,No
6427 Peacock Boulevard,Friday,No,No
6435 Peacock Boulevard,Friday,No,No
6438 Peacock Boulevard,Friday,No,No
6443 Peacock Boulevard,Friday,No,No
6456 Peacock Boulevard,Friday,No,No
6457 Peacock Boulevard,Friday,No,No
6477 Peacock Boulevard,Friday,No,No
6515 Peacock Boulevard,Friday,No,No
6518 Peacock Boulevard,Friday,No,No
6519 Peacock Boulevard,Friday,No,No
6523 Peacock Boulevard,Friday,No,No
6526 Peacock Boulevard,Friday,No,No
6537 Peacock Boulevard,Friday,No,No
6542 Peacock Boulevard,Friday,No,No
6552 Peacock Boulevard,Friday,No,No
6553 Peacock Boulevard,Friday,No,No
6562 Peacock Boulevard,Friday,No,No
6602 Peacock Boulevard,Friday,No,No
6610 Peacock Boulevard,Friday,No,No
1989 Pine Valley Drive,Friday,No,No
1938 Pinecrest Drive,Friday,No,No
1939 Pinecrest Drive,Friday,No,No
6157 Pinedale Court,Friday,No,No
6158 Pinedale Court,Friday,No,No
6165 Pinedale Court,Friday,No,No
6166 Pinedale Court,Friday,No,No
6173 Pinedale Court,Friday,No,No
6181 Pinedale Court,Friday,No,No
6442 Pleasant Valley Drive,Friday,No,No
6447 Pleasant Valley Drive,Friday,No,No
6463 Pleasant Valley Drive,Friday,No,No
6466 Pleasant Valley Drive,Friday,No,No
6472 Pleasant Valley Drive,Friday,No,No
6473 Pleasant Valley Drive,Friday,No,No
6482 Pleasant Valley Drive,Friday,No,No
6485 Pleasant Valley Drive,Friday,No,No
6492 Pleasant Valley Drive,Friday,No,No
6497 Pleasant Valley Drive,Friday,No,No
6500 Pleasant Valley Drive,Friday,No,No
6507 Pleasant Valley Drive,Friday,No,No
6510 Pleasant Valley Drive,Friday,No,No
6517 Pleasant Valley Drive,Friday,No,No
6537 Pleasant Valley Drive,Friday,No,No
6544 Pleasant Valley Drive,Friday,No,No
6545 Pleasant Valley Drive,Friday,No,No
6679 Pleasant Valley Drive,Friday,No,No
6540 Randall Mark Drive,Friday,No,No
6543 Randall Mark Drive,Friday,No,No
6544 Randall Mark Drive,Friday,No,No
6560 Randall Mark Drive,Friday,No,No
6577 Randall Mark Drive,Friday,No,No
6189 Reagan Chase,Friday,No,No
6195 Reagan Chase,Friday,No,No
6196 Reagan Chase,Friday,No,No
6202 Reagan Chase,Friday,No,No
6206 Reagan Chase,Friday,No,No
6210 Reagan Chase,Friday,No,No
6212 Reagan Chase,Friday,No,No
